name,id,designation,tech/manufacturer,system id,fleet pts,hitpoints,armor rating,max flux,8/6/5/4%,flux dissipation,ordnance points,fighter bays,max speed,acceleration,deceleration,max turn rate,turn acceleration,mass,shield type,defense id,shield arc,shield upkeep,shield efficiency,phase cost,phase upkeep,min crew,max crew,cargo,fuel,fuel/ly,range,max burn,base value,cr %/day,CR to deploy,peak CR sec,CR loss/sec,supplies/rec,supplies/mo,c/s,c/f,f/s,f/f,crew/s,crew/f,hints,tags,rarity,breakProb,minPieces,maxPieces,travel drive,number
Viper MKI,NB_COL_Viper_Mk1,,Low Tech,flarelauncher_fighter,,750,100,80,,10,0,,200,400,350,90,180,30,NONE,,0,0,0,,,1,1,,,,,,,,,,,,,,,,,,,,"lowtech_bp, merc, ind",,0,,,,
Viper MKII,NB_COL_Viper_Mk2,,Midline,flarelauncher_fighter,,750,200,100,,10,0,,210,410,350,100,190,30,NONE,,0,0,0,,,1,1,,,,,,,,,,,,,,,,,,,,"midline_bp, merc, ind",,0,,,,
Viper MKIIB,NB_COL_Viper_Mk2B,,Midline,flarelauncher_fighter,,750,250,120,,10,0,,210,410,350,100,190,40,NONE,,0,0,0,,,1,1,,,,,,,,,,,,,,,,,,,,"midline_bp, merc, ind",,0,,,,
Viper MKIII,NB_COL_Viper_Mk3,,Midline,flarelauncher_fighter,,750,250,120,,10,0,,220,420,360,110,200,30,NONE,,0,0,0,,,1,1,,,,,,,,,,,,,,,,,,,,"midline_bp, merc, ind",,0,,,,
Viper MKIV,NB_COL_Viper_Mk4,,High Tech,flarelauncher_fighter,,600,150,750,,100,0,,450,600,500,150,300,30,NONE,,0,0,0,,,1,1,,,,,,,,,,,,,,,,,,,,"hightech_bp, merc, ind",,0,,,,
Blackbird,NB_COL_Blackbird,,High Tech,flarelauncher_fighter,,750,250,130,,15,0,,220,420,360,110,200,30,NONE,,0,0,0,,,1,1,,,,,,,,,,,,,,,,,,,,"hightech_bp, merc, ind",,0,,,,
Python,NB_COL_Python,,Midline,flarelauncher_fighter,,800,260,140,,15,0,,230,430,370,120,210,50,NONE,,0,0,0,,,2,2,,,,,,,,,,,,,,,,,,,,"midline_bp, merc, ind",,0,,,,
Raptor,NB_COL_Raptor,,Midline,canister_flak,,800,260,140,,15,0,,230,430,470,120,210,40,NONE,,0,0,0,,,2,5,,,,,,,,,,,,,,,,,,,,"midline_bp, merc, ind",,0,,,,
,,,,,,,,,,,,,,,,,,,,,,,,,,,,,,,,,,,,,,,,,,,,,,,,,,,,,
Chrysaor,NB_COL_Chrysaor,,High Tech,targetingfeed,24,18000,2000,30000,30000,1500,400,8,30,15,10,5,5,3500,OMNI,,360,0.6,0.6,,,1000,5000,500,500,10,50,7,1000000,4,20,720,0.25,60,60,,,,,,,,"hightech_bp, merc, ind",,0.6,2,4,,
Aries,NB_COL_Aries,,Midline,targetingfeed,22,16000,1700,25000,25000,1300,375,8,30,15,10,5,5,3400,OMNI,,360,0.6,0.6,,,1000,5000,500,500,10,50,7,750000,4,20,720,0.25,60,60,,,,,,,,"midline_bp, merc, ind",,0.6,2,4,,
Mercury,NB_COL_Mercury,,Midline,targetingfeed,20,14000,1200,20000,20000,1100,350,8,35,20,15,10,10,3400,OMNI,,360,0.6,0.6,,,1000,5000,500,500,10,50,8,500000,4,20,720,0.25,50,50,,,,,,,,"midline_bp, merc, ind",,0.6,2,4,,
Jupiter,NB_COL_Jupiter,,Midline,targetingfeed,18,13000,1100,17000,17000,1000,325,6,40,25,30,20,15,3200,OMNI,,360,0.6,0.6,,,500,2500,350,350,8,50,9,400000,4,20,720,0.25,40,40,,,,,,,,"midline_bp, merc, ind",,0.6,2,4,,
Jupiter,NB_COL_Jupiter_Stripped,,Midline,targetingfeed,18,10000,800,15000,15000,1000,325,6,70,50,35,20,25,2000,OMNI,,360,0.5,0.8,,,500,2500,350,350,6,50,9,120000,4,20,720,0.25,25,25,,,,,,,,"midline_bp, merc, ind",,0.6,2,4,,
Valhalla,NB_COL_Valhalla,,Midline,targetingfeed,16,12000,1000,15000,15000,900,300,4,45,30,20,15,15,3000,OMNI,,360,0.6,0.6,,,400,2400,300,300,8,50,8,250000,4,20,720,0.25,35,35,,,,,,,,"midline_bp, merc, ind",,0.6,2,4,,
Columbia,NB_COL_Columbia,,Low Tech,targetingfeed,16,10000,1000,13000,15000,900,275,4,35,15,10,10,10,2800,OMNI,,360,0.6,0.6,,,400,2400,350,350,8,50,7,120000,4,20,720,0.25,25,25,,,,,,,,"lowtech_bp, merc, ind",,0.6,2,4,,
,,,,,,,,,,,,,,,,,,,,,,,,,,,,,,,,,,,,,,,,,,,,,,,,,,,,,
Friga,NB_COL_Friga,,Midline,canister_flak,16,8000,1250,10000,15000,800,200,,80,60,45,20,25,2000,OMNI,,360,0.5,0.6,,,300,1000,150,150,5,50,9,100000,4,20,620,0.25,30,30,,,,,,,,"midline_bp, merc, ind",,0.5,2,3,,
Valkyrie,NB_COL_Valkyrie,,Midline,targetingfeed,14,7000,1000,9000,12000,700,200,4,75,55,45,15,20,1800,OMNI,,360,0.5,0.6,,,300,1000,150,150,5,50,10,75000,4,20,520,0.25,25,25,,,,,,,,"midline_bp, merc, ind",,0.5,2,3,,
Parnassus,NB_COL_Parnassus,,Midline,canister_flak,12,6000,900,8000,10000,600,180,,75,55,45,15,20,1700,OMNI,,360,0.5,0.6,,,250,800,150,150,5,50,9,60000,4,20,420,0.25,25,25,,,,,,,,"midline_bp, merc, ind",,0.5,2,3,,
Berzerk,NB_COL_Berzerk,,Midline,canister_flak,10,5000,900,7000,8000,500,170,,80,60,45,20,25,1500,OMNI,,360,0.5,0.6,,,200,600,200,200,5,50,9,50000,4,20,420,0.25,20,20,,,,,,,,"midline_bp, merc, ind",,0.5,2,3,,
Botanical Cruiser,NB_COL_BotanicalCruiser,,Midline,canister_flak,8,6000,300,7000,6000,400,60,,40,25,25,15,15,1300,OMNI,,360,0.5,0.6,,,100,300,900,300,5,50,8,40000,4,20,420,0.25,20,20,,,,,,,,"midline_bp, merc, ind",,0.5,2,3,,
,,,,,,,,,,,,,,,,,,,,,,,,,,,,,,,,,,,,,,,,,,,,,,,,,,,,,
Cloud 9t,NB_COL_Cloud9Tanker,,Midline,canister_flak,6,5000,300,6000,5000,200,100,,40,25,25,15,15,500,OMNI,,360,0.3,0.6,,,25,100,200,800,2,50,8,25000,4,20,400,0.25,15,15,,,,,,,,"midline_bp, merc, ind",,0.7,2,3,,
Cloud 9,NB_COL_Cloud9,,Midline,canister_flak,6,5000,300,6000,5000,200,100,,40,25,25,15,15,500,OMNI,,360,0.3,0.6,,,25,500,150,150,2,50,8,25000,4,20,400,0.25,15,15,,,,,,,,"midline_bp, merc, ind",,0.7,2,3,,
Cloud 9c,NB_COL_Cloud9Carrier,,Midline,targetingfeed,8,5000,400,6000,5000,220,125,1,40,25,25,15,15,550,OMNI,,360,0.3,0.6,,,50,100,150,150,2,50,8,30000,4,20,400,0.25,15,15,,,,,,,,"midline_bp, merc, ind",,0.7,2,3,,
Guardian,NB_COL_Guardian,,Midline,canister_flak,9,5000,500,6000,5000,230,125,,90,75,60,40,90,400,OMNI,,360,0.3,0.6,,,25,75,150,150,2,50,10,40000,4,20,400,0.25,15,15,,,,,,,,"midline_bp, merc, ind",,0.7,2,3,,
Defender,NB_COL_Defender,,Midline,canister_flak,7,4000,400,5000,4000,200,100,1,110,90,80,45,100,300,OMNI,,360,0.3,0.6,,,20,65,125,125,2,50,10,30000,4,20,400,0.25,15,15,,,,,,,,"midline_bp, merc, ind",,0.7,2,3,,
,,,,,,,,,,,,,,,,,,,,,,,,,,,,,,,,,,,,,,,,,,,,,,,,,,,,,
Gemini,NB_COL_Gemini,,Low Tech,canister_flak,5,2500,250,4000,3000,150,50,,80,60,45,20,25,200,OMNI,,360,0.3,0.6,,,5,15,400,125,1,50,12,10000,4,20,300,0.25,10,10,,,,,,,,"lowtech_bp, merc, ind",,0.75,2,2,,
Pelican,NB_COL_Pelican,,Low Tech,targetingfeed,6,2500,300,4000,3000,150,75,2,75,50,45,20,25,200,OMNI,,360,0.3,0.6,,,10,20,100,100,1,50,12,12000,4,20,300,0.25,10,10,,,,,,,,"lowtech_bp, merc, ind",,0.75,2,2,,
Astral Queen,NB_COL_AstralQueen,,Low Tech,canister_flak,5,2300,200,3000,2000,125,40,,80,60,45,20,25,180,OMNI,,360,0.3,0.6,,,5,320,100,100,1,50,12,8000,4,20,275,0.25,7,7,,,,,,,,"lowtech_bp, merc, ind",,0.75,2,2,,
Celestra,NB_COL_Celestra,,Low Tech,canister_flak,5,2300,200,3000,2000,125,40,,80,60,45,20,25,175,OMNI,,360,0.3,0.6,,,5,300,100,100,1,50,12,7000,4,20,275,0.25,6,6,,,,,,,,"lowtech_bp, merc, ind",,0.75,2,2,,
Flattop,NB_COL_Flattop,,Low Tech,canister_flak,4,2000,100,2000,1000,100,35,,80,60,45,20,25,150,OMNI,,360,0.3,0.6,,,5,250,100,100,1,50,12,6000,4,20,250,0.25,5,5,,,,,,,,"lowtech_bp, merc, ind",,0.75,2,2,,
Olympic,NB_COL_Olympic,,Low Tech,canister_flak,4,2000,100,2000,1000,100,35,,80,60,45,20,25,150,OMNI,,360,0.3,0.6,,,5,225,100,100,1,50,12,4000,4,20,250,0.25,5,5,,,,,,,,"lowtech_bp, merc, ind",,0.75,2,2,,
Colonial One,NB_COL_ColonialOne,,Low Tech,canister_flak,3,1800,80,1800,900,90,30,,80,60,45,20,25,140,OMNI,,360,0.3,0.6,,,5,200,100,100,1,50,12,3000,4,20,250,0.25,4,4,,,,,,,,"lowtech_bp, merc, ind",,0.75,2,2,,
