id,variant,tags,tier,rarity,fleet pts,op cost,formation,range,attackRunRange,attackPositionOffset,num,role,role desc,refit,base value,,,,,,,,,,,,,number
NB_COL_Viper_Mk1_wing,NB_COL_Viper_Mk1_A,"fighter4, fighter, low, lowtech_bp, merc, ind",0,,6,8,V,5000,500,300,3,FIGHTER,Heavy Fighter,10,4000,,,,,,,,,,,,,
NB_COL_Viper_Mk2_wing,NB_COL_Viper_Mk2_A,"fighter4, fighter, low, lowtech_bp, merc, ind",1,,6,10,V,5000,500,300,3,FIGHTER,Heavy Fighter,11,6000,,,,,,,,,,,,,
NB_COL_Viper_Mk2B_wing,NB_COL_Viper_Mk2B_A,"bomber4, bomber, low, lowtech_bp, merc, ind",1,,6,16,V,5000,2500,300,2,BOMBER,Bomber,12,8000,,,,,,,,,,,,,
NB_COL_Viper_Mk3_wing,NB_COL_Viper_Mk3_A,"fighter4, fighter, low, lowtech_bp, merc, ind",2,,6,12,V,5000,500,300,3,FIGHTER,Heavy Fighter,12,10000,,,,,,,,,,,,,
NB_COL_Viper_Mk4_wing,NB_COL_Viper_Mk4_A,"interceptor4, interceptor, low, lowtech_bp, merc, ind",2,,6,12,V,6000,500,900,3,INTERCEPTOR,Interceptor,12,12000,,,,,,,,,,,,,
NB_COL_Blackbird_wing,NB_COL_Blackbird_A,"bomber4, bomber, low, lowtech_bp, merc, ind",3,,6,18,V,5000,2500,300,2,BOMBER,Bomber,14,14000,,,,,,,,,,,,,
NB_COL_Python_wing,NB_COL_Python_A,"bomber4, bomber, low, lowtech_bp, merc, ind",3,,6,20,V,5000,2500,300,2,BOMBER,Bomber,16,16000,,,,,,,,,,,,,
NB_COL_Raptor_wing,NB_COL_Raptor_A,"support4, fighter, low, lowtech_bp, merc, ind",3,,6,20,V,0,500,,2,SUPPORT,Support,12,8000,,,,,,,,,,,,,
