{
	"combatMedium":{
		"NB_COL_Defender_A":7,

		"NB_COL_Guardian_A":7,
	},
	"combatLarge":{
		"NB_COL_Berzerk_A":6,

		"NB_COL_Parnassus_A":6,

		"NB_COL_Valkyrie_A":6,

		"NB_COL_Friga_A":6,
	},
	"combatCapital":{
		"NB_COL_Columbia_A":6,

		"NB_COL_Valhalla_A":5,

		"NB_COL_Jupiter_Stripped_A":6,

		"NB_COL_Jupiter_A":5,

		"NB_COL_Mercury_A":4,

		"NB_COL_Aries_A":3,

		"NB_COL_Chrysaor_A":2,
	},
	"carrierSmall":{
		"NB_COL_Pelican_A":7,
	},
	"carrierMedium":{
		"NB_COL_Cloud9Carrier_A":6,
	},
	"freighterSmall":{
		"NB_COL_Gemini_A":10,
	},
	"freighterLarge":{
		"NB_COL_BotanicalCruiser_A":8,
	},
	"tankerMedium":{
		"NB_COL_Cloud9Tanker_A":9,
	},
	"personnelSmall":{
		"NB_COL_ColonialOne_A":10,

		"NB_COL_Olympic_A":10,

		"NB_COL_Celestra_A":10,

		"NB_COL_AstralQueen_A":10,
	},
	"personnelMedium":{
		"NB_COL_Cloud9_A":9,
	},
	"utility":{
		"NB_COL_Flattop_A":10
	},
}
