id,type,text1,text2,text3,text4,notes
NB_COL_Viper_Mk1,SHIP,"""Built by Colonial Defense Tech Corp., preparing the future of humanity one world at a time."" A small and agile fighter built to protect colony ships in deep space. The Viper MkI was the first generation of fighter craft engineered by the CDTC, built for protecting their colony defense carriers known as Battlestars.",,,,
NB_COL_Viper_Mk2,SHIP,"""Built by Colonial Defense Tech Corp., preparing the future of humanity one world at a time."" A small and agile fighter built to protect colony ships in deep space. With the success of the MkI Viper, a second generation was engineered by the CDTC with better engines and weapons.",,,,
NB_COL_Viper_Mk2B,SHIP,"""Built by Colonial Defense Tech Corp., preparing the future of humanity one world at a time."" A small but agile bomber capable of delivering a punch to enemy ships. Based on the MkII Viper frame, the wider bodied B variant was designed to be a fast and capable bomber, at the cost of some speed.",,,,
NB_COL_Viper_Mk3,SHIP,"""Built by Colonial Defense Tech Corp., preparing the future of humanity one world at a time."" A small and agile fighter built to protect colony ships in deep space. With the wide approval of the MkII Viper, a third generation was engineered by the CDTC with an emphasis on weaponry upgrades.",,,,
NB_COL_Viper_Mk4,SHIP,"""Built by Colonial Defense Tech Corp., preparing the future of humanity one world at a time."" An interceptor designed to catch the enemy before they catch you. Needing a generation of ultra fast interceptors, the MkIV Viper was a engineered not as a total replacement of the MkIII, but as an interceptor alternative. It's fast, incredibly agile, but also more expensive and less armored.",,,,
NB_COL_Blackbird,SHIP,"""Built by Colonial Defense Tech Corp., preparing the future of humanity one world at a time."" A stealth bomber designed to deliver a solid blow to the enemy before retreating home undetected. Seeing the need for a better bomber class, the CDTC built the Blackbird as a stealth bomber capable of quick and deadly attacks of enemy ships.",,,,
NB_COL_Python,SHIP,"""Built by Colonial Defense Tech Corp., preparing the future of humanity one world at a time."" A high powered bomber capable of delivering a powerful blow to enemy ships. While the MkIIB Viper was the usual go-to for defense bombers in colony fleets, the CDTC saw that their smaller bomber variants weren't always up to the task of defeating larger enemy warships. This in mind, they developed the Python, a large and very powerful bomber that can take on even the largest enemy vessels. This does come at a high cost, however, of being slower and more expensive than the more common MkIIB.",,,,
NB_COL_Raptor,SHIP,"""Built by Colonial Defense Tech Corp., preparing the future of humanity one world at a time."" A basic support fighter capable of defeding colony ships at close range. While Vipers are capable fightercraft, taking on enemy swarms at range; there is always a need for a shield of support surrounding colony ships. The Raptor serves this purpose, acting as both a anti-fighter and anti-missile fighter, but also as a rescue ship capable of lending a hand in the heat of battle.",,,,
,,,,,,
NB_COL_Chrysaor,SHIP,"""Built by Colonial Defense Tech Corp., preparing the future of humanity one world at a time."" A high-tech battle-carrier capable of leading fleets into the deepest abyss. The pride and glory of all CDTC engineering, the Chrysaor is the latest and most powerful iteration of Battlestars. Not only is it capable of leading fleets into battle, but it is often referred to as the one-ship-fleet, hosting a plethora of heavy weapons alongside its massive hangars of fighters and bombers.",,,,
NB_COL_Aries,SHIP,"""Built by Colonial Defense Tech Corp., preparing the future of humanity one world at a time."" A battle-carrier with heavy armor, capable of holding the line against any foe. After the success of the Mercury-class battlestar, the Aries was engineered to act as a more expensive variant. It is slower, but has much more armor and heavier weapons. It also carries just as many fighters and bombers as the Mercury, capable of holding its ground in any battlefield.",,,,
NB_COL_Mercury,SHIP,"""Built by Colonial Defense Tech Corp., preparing the future of humanity one world at a time."" A battle-carrier with a massive supply of fighters and bombers in its four hangar pods. The next generation of battlestars, the Mercury-class is the successor to the Jupiter-class. Larger, better armor, with two more hangar pods, and a larger supply of heavy weapons, the Mercury is a state of the art warship capable of defending fleets of colony ships.",,,,
NB_COL_Jupiter,SHIP,"""Built by Colonial Defense Tech Corp., preparing the future of humanity one world at a time."" A battle-carrier designed to act as the backbone of any colony fleet, with a great supply of fighters, bombers, and heavy weapons. With the major success of the Columbia-class battlestar, the Jupiter-class was designed to act as the next generation. It packs better armor, more wings of fighters and bombers, and some nice weapon upgrades. Any colony fleet with a few Jupiters will be assured of reaching their final destination.",,,,
NB_COL_Jupiter_Stripped,SHIP,"""Built by Colonial Defense Tech Corp., preparing the future of humanity one world at a time."" A depreciated Jupiter-class battle-carrier, having been stripped of much of its armor and secondary systems. With the invention of the newer Mercury and Aries battlestars, the Jupiter-class battlestar was starting to get phased out in favor of these large and more powerful battle-carriers. However, numerous Jupiters were built due to high-demand after the success of the Columbia, leaving many shipyards with an overflow of Jupiters. To save profits, these shipyards and even the CDTC started tearing these old vessels apart for salvage that could be used on newer battlestars. This vessel is currently in the process of being scuttled, but still has many of its primary systems intact, meaning it is still a decently viable warship if put to the test; all at a discount.",,,,
NB_COL_Valhalla,SHIP,"""Built by Colonial Defense Tech Corp., preparing the future of humanity one world at a time."" A battle-carrier designed to quickly enter the battlefield and wreak havok with its wings of fighters and bombers and decent weapon systems. Engineered at the same time as the Aries-class battlestar, the Valhalla was meant to act as a smaller and more affordable alternative. Still packing good armor and large hangar pods, the Valhalla can act as a fantastic auxiliary battle-carrier in any colony fleet.",,,,
NB_COL_Columbia,SHIP,"""Built by Colonial Defense Tech Corp., preparing the future of humanity one world at a time."" An older battle-carrier built on principles of deep space exploration, keeping fleets of colony ships safe from enemy attack. The Columbia is the first iteration of battlestars, a battle-carrier designed by the CDTC to act as a frontline defensive measure for colony fleets. Heavily armored and packing a large supply of fighters and bombers, this ship can protect entire fleets of colony vessels and guide them to their new home.",,,,
,,,,,,
NB_COL_Friga,SHIP,"""Built by Colonial Defense Tech Corp., preparing the future of humanity one world at a time."" A colony-defense heavy gunstar, designed to act as a heavy hitting battlecruiser in large scale battles. Built as a true weapon of war, the Friga is a gunstar that is heavily armored and heavily armed. Even without support, it can hold its ground in any major engagement and at the same time deal a serious blow to enemy forces.",,,,
NB_COL_Valkyrie,SHIP,"""Built by Colonial Defense Tech Corp., preparing the future of humanity one world at a time."" A small but powerful battlestar, built to rapidly enter battlefields and unsleash swarms of fighters and bombers upon an unsuspecting foe. Engineered around the same time as the Jupiter-class battlestar, the Valkyrie was designed to act as a lighter support carrier, filling in where the Jupiter was too much. It is fast and yet still heavily armed, allowing it to act as a great addition to any colony fleet.",,,,
NB_COL_Parnassus,SHIP,"""Built by Colonial Defense Tech Corp., preparing the future of humanity one world at a time."" A gunstar built upon the success of the Columbia, engineered with a heavier array of weapons instead of hangar pods. Despite the success of the Columbia-class battlestar, it was seen by the CDTC that a hole existed in their fleet makeup offerings, and so a non-carrier alternative was designed. The Parnassus is heavily armored, fast, and packs a serious punch against enemy ships.",,,,
NB_COL_Berzerk,SHIP,"""Built by Colonial Defense Tech Corp., preparing the future of humanity one world at a time."" A fast, heavily armored gunstar that makes up the bulk of any good colony fleet. Developed as a successor to the Parnassus gunstar, the Berzerk-class gunstar is a smaller and cheaper warship, usually making up a large portion of colony-defense fleets.",,,,
NB_COL_BotanicalCruiser,SHIP,"""Built by Colonial Defense Tech Corp., preparing the future of humanity one world at a time."" A large freighter designed for carrying supplies and necessary goods to far off colony worlds. The Botanical Cruiser developed by the CDTC is one of the most common sights in large colony fleets. Not only does it sport a large cargohold, but it has numerous botanical garden pods placed around the ship's frame, allowing it to grow fresh produce along its journey to the farthest reaches of the sector.",,,,
,,,,,,
NB_COL_Cloud9Tanker,SHIP,"""Built by Colonial Defense Tech Corp., preparing the future of humanity one world at a time."" A medium-sized fuel tanker designed for long journies into colonizable space. Based on the C9-class transportship, this variant has an attached fuel tanker segment, allowing it to transport fuel over large distances.",,,,
NB_COL_Cloud9,SHIP,"""Built by Colonial Defense Tech Corp., preparing the future of humanity one world at a time."" A transportship designed for long journies into colonizable space. A transportship designed to carry colonists over large distances, acting as the true backbone of any colony fleet.",,,,
NB_COL_Cloud9Carrier,SHIP,"""Built by Colonial Defense Tech Corp., preparing the future of humanity one world at a time."" A medium-sized cargo freighter designed for long journies into colonizable space. Based on the C9-class transportship, this variant has an attached cargo segment, allowing it to transport cargo and supplies over large distances.",,,,
NB_COL_Guardian,SHIP,"""Built by Colonial Defense Tech Corp., preparing the future of humanity one world at a time."" A heavily armed escort ship designed to protect colony ships on long voyages. Based on the Defender-class escort, the Guardian is a larger and more heavily armed variant designed to act as the smaller escort class of warship in colony fleets.",,,,
NB_COL_Defender,SHIP,"""Built by Colonial Defense Tech Corp., preparing the future of humanity one world at a time."" An escort ship designed to protect colony ships on long voyages, making use of a single hangar pod and some decent weaponry. An old but viable escort class of warship, built by the CDTC as a cheap alternative to gunstars or even battlestars, hosting its own hangar pod and a decent supply of heavy weaponry. Most importantly, it's fast.",,,,
,,,,,,
NB_COL_Gemini,SHIP,"""Built by Colonial Defense Tech Corp., preparing the future of humanity one world at a time."" A freighter designed to transport cargo over large distances. A decently sized freighter capable of hauling cargo and supplies to colony worlds.",,,,
NB_COL_Pelican,SHIP,"""Built by Colonial Defense Tech Corp., preparing the future of humanity one world at a time."" A small light carrier that manages to host a decent supply of fighters and bombers despite its size. Built after the Columbia-class battlestars and as a predecessor to the newer Jupiter variants, the Pelican was meant as a fighter and bomber platform meant to help the larger battle-carriers in the fleets maintain point-defense superiority, bolstering their fighter and bomber capacity.",,,,
NB_COL_AstralQueen,SHIP,"""Built by Colonial Defense Tech Corp., preparing the future of humanity one world at a time."" A small cargo and transportship designed to carry colonists and cargo over large distances. A decently sized transport ship, capable of carrying colonists and their provisions to their new homes in deep space.",,,,
NB_COL_Celestra,SHIP,"""Built by Colonial Defense Tech Corp., preparing the future of humanity one world at a time."" A small cargo and transportship designed to carry colonists and cargo over large distances. A decently sized transport ship, capable of carrying colonists and their provisions to their new homes in deep space.",,,,
NB_COL_Flattop,SHIP,"""Built by Colonial Defense Tech Corp., preparing the future of humanity one world at a time."" A salvage and construction ship that is commonly found in colony fleets, keeping the fleet alive across the vastness of space. With the toll and attrition that comes with deep space exploration and colonization, the Flattop was designed by the CDTC to fill the roles of salvage ship, construction ship, and repair ship. No colony fleet is expected to last for long without a few Flattops around to keep things working.",,,,
NB_COL_Olympic,SHIP,"""Built by Colonial Defense Tech Corp., preparing the future of humanity one world at a time."" A small cruise liner that has been repurposed as a small cargo and transportship designed to carry colonists and cargo over large distances. Converted from a cruise liner designed only for short-range ventures, the new Olympic-class was completely refit by the CDTC to serve as a colony ship, capable of carrying a small number of colonists and their provisions to their new home.",,,,
NB_COL_ColonialOne,SHIP,"""Built by Colonial Defense Tech Corp., preparing the future of humanity one world at a time."" A small cruise liner that has been repurposed as a small cargo and transportship designed to carry colonists and cargo over large distances. Converted from a cruise liner designed only for short-range ventures, the new Colonial-One-class was completely refit by the CDTC to serve as a colony ship, capable of carrying a small number of colonists and their provisions to their new home.",,,,
